"Model","Pleaf_min","HSM_P50","HSM_P88"
"Medlyn",4.48879354541153,-0.418793545411531,1.01120645458847
"Sperry",2.77062318657688,1.29937681342312,2.72937681342312
"Sperry + varkmax",2.74794302824445,1.32205697175555,2.75205697175555
"Sperry + CGnet",4.41651547551908,-0.346515475519079,1.08348452448092
"Sperry + CGnet + TC",4.41651547551908,-0.346515475519079,1.08348452448092
