"Model","Pleaf_min","HSM_P50","HSM_P88"
"Medlyn",4.41949030178303,-0.34949030178303,1.08050969821697
"Sperry",2.73350762919826,1.33649237080174,2.76649237080174
"Sperry + varkmax",2.69824345140412,1.37175654859588,2.80175654859588
"Sperry + CGnet",4.20647152958073,-0.13647152958073,1.29352847041927
"Sperry + CGnet + TC",4.21827859059277,-0.14827859059277,1.28172140940723
