"Model","Tleaf_max","TSM_Tcrit","TSM_T50"
"Medlyn",48.0097736892876,-1.50977368928756,2.39022631071244
"Sperry",45.5548028414114,0.945197158588599,4.8451971585886
"Sperry + varkmax",45.3382942976057,1.1617057023943,5.0617057023943
"Sperry + CGnet",45.2752247832371,1.2247752167629,5.1247752167629
"Sperry + CGnet + TC",45.2641096528073,1.2358903471927,5.1358903471927
