"Model","Tleaf_max","TSM_Tcrit","TSM_T50"
"Medlyn",47.4625399257823,-0.962539925782274,2.93746007421773
"Sperry",47.1803505226062,-0.680350522606197,3.2196494773938
"Sperry + varkmax",47.0082605662146,-0.508260566214602,3.3917394337854
"Sperry + CGnet",47.5070847288481,-1.0070847288481,2.8929152711519
"Sperry + CGnet + TC",47.5070847288481,-1.0070847288481,2.8929152711519
